Customer_ID,Customer_Name,Gender,Age,City,Annual_Income,Spending_Score,Purchase_Frequency,Average_Order_Value,Total_Spent,Membership_Years,Preferred_Category
1,Leslie Clark,Male,58,New Robert,34592,4,48,2453,122756,1.8,Electronics
2,Matthew Dyer,Male,61,Townsendland,117080,70,6,3656,23456,1.4,Fashion
3,Billy Miller,Female,50,Lake Austinport,98907,4,36,1828,75736,2.6,Beauty
4,Nicole Larson,Female,35,Amystad,126093,1,49,1507,81767,3.1,Fashion
5,Benjamin Martinez,Female,66,North Eugenetown,64118,14,6,3312,22456,8.6,Beauty
6,Julie Cole,Male,34,Molinafurt,125791,6,47,3963,196046,9.7,Home Decor
7,Michael Smith,Male,23,Leachville,92357,38,41,3162,133792,0.9,Fashion
8,Daniel Preston,Female,67,Aliciaton,57930,11,15,1027,22632,4.8,Groceries
9,Roger Pearson,Male,28,Lake Wendyport,68520,46,14,2387,35587,5.6,Fashion
10,Donna Hill,Female,28,Woodstown,80589,49,18,4762,90314,8.5,Electronics
11,Richard Martin,Male,32,Campbellmouth,127715,5,21,3486,78592,2.5,Beauty
12,Michael Reed,Female,63,North Joan,61245,28,42,4289,187620,1.9,Fashion
13,David Ellison,Female,33,East Kellyport,117647,72,35,2352,90339,3.9,Fashion
14,Mary Barnett,Male,50,North Kara,84686,12,49,585,31461,6.5,Sports
15,Susan Chang,Female,45,Marshallview,98172,9,25,3326,91818,9.7,Electronics
16,Christopher Cooper,Female,61,West Codyland,114466,15,44,4598,207683,1.6,Home Decor
17,Joshua Douglas,Male,28,Nicholasstad,79470,1,47,2357,119980,5.3,Electronics
18,Brittany Spears,Female,58,West Mitchellside,59117,82,33,1829,63861,7.7,Beauty
19,Anthony Santos,Male,67,Paulbury,140905,68,1,2855,11860,1.6,Groceries
20,Juan Baldwin,Male,69,Crossstad,60306,31,4,2173,10982,7.5,Electronics
21,Spencer Walker,Male,66,West Normanburgh,89822,99,9,1251,20046,3.0,Beauty
22,Michelle Hoffman,Female,45,Port Joshuaside,146400,28,35,1847,70752,10.0,Sports
23,Christina Brown,Male,41,North Victorville,77422,67,29,1191,39600,1.1,Electronics
24,Shelley Solis,Male,55,New Thomasmouth,92603,30,38,2004,77269,7.2,Electronics
25,Jacqueline Wilson,Male,32,Port Ericaside,28834,5,22,780,26583,3.1,Home Decor
26,John Esparza,Male,31,Goldenville,90678,17,47,4877,237963,8.0,Home Decor
27,Rose Cook,Female,30,Washingtonburgh,32363,13,43,3731,167237,4.4,Sports
28,Alexis Jones,Female,21,Lake Michael,108259,84,42,1006,44245,7.4,Electronics
29,Audrey Valencia,Female,33,Austinside,45112,25,35,3875,138921,2.2,Home Decor
30,Rhonda Stewart,Male,33,Kellichester,134620,10,29,4708,139136,6.7,Beauty
31,William Walsh,Female,18,Marshallburgh,147008,12,49,2136,108388,5.1,Fashion
32,Robin Bishop,Female,43,Gallowaytown,138284,8,11,3304,37379,3.0,Home Decor
33,Anna Kelly,Male,36,East Richardtown,75444,90,47,4752,232317,2.3,Fashion
34,Tanya Parsons,Male,21,Warrenmouth,95914,95,35,699,30603,1.0,Home Decor
35,James Alexander,Male,50,Jimmyview,140505,68,11,665,16635,8.6,Electronics
36,Paul Kim,Male,56,South Paul,28907,87,16,3507,59076,6.0,Electronics
37,David Bowman,Female,57,Carrieborough,30745,54,43,4981,223748,9.4,Fashion
38,Jamie Hunter,Male,60,Port Paige,113872,41,16,2375,45484,6.9,Groceries
39,Ariel Braun,Male,47,Port Kristinaside,61441,97,5,276,9888,1.2,Fashion
40,Mrs. Molly Brown DDS,Female,50,Russellmouth,54760,17,23,763,22551,3.2,Home Decor
41,Richard Garcia,Female,52,East Vanessa,112214,39,40,4533,182448,9.4,Electronics
42,Tommy Farrell,Female,26,Jacobtown,54664,15,7,4732,36670,3.2,Fashion
43,Jennifer Gibbs,Female,63,New Gregory,64942,27,44,2362,113208,2.9,Electronics
44,Tiffany Jones,Female,23,Karafurt,103136,55,18,561,11156,7.8,Sports
45,Paul Marshall,Male,34,Jameston,41178,95,29,4719,144858,1.6,Sports
46,Craig Deleon,Female,27,New Johnstad,91511,5,24,4971,122730,1.7,Groceries
47,Desiree Barron,Male,41,Kevinstad,137831,6,23,1920,49248,3.9,Beauty
48,Joshua Hunter,Male,44,North Ericbury,147642,80,48,1466,75246,9.8,Fashion
49,Ryan Wilson,Male,44,Salinasberg,23248,23,48,2921,147953,3.0,Sports
50,Melissa Bowen,Female,24,New Margaretburgh,70140,5,31,2022,66951,3.8,Fashion
51,Kathy Campbell,Female,32,Perezland,23101,85,13,3464,51410,8.7,Groceries
52,Rachel Mendez,Male,40,Port Mitchell,104080,66,26,4592,125817,1.6,Groceries
53,Chelsea Sullivan,Female,29,Lake Harry,96099,34,3,1088,11383,7.4,Groceries
54,Jonathan Gentry,Female,45,East Jaime,99457,66,8,3355,30954,0.9,Home Decor
55,Brian Brown,Female,18,Heidimouth,88146,69,44,1814,86783,1.2,Sports
56,Kendra Potter,Female,39,Markberg,101678,41,43,1220,58380,6.8,Groceries
57,Christina Fuller,Female,43,New Josephtown,111384,38,36,1242,48855,6.8,Home Decor
58,Lori Cooper,Female,61,Averyberg,118059,23,40,4862,200410,5.7,Electronics
59,Donald Strong,Female,37,Taylorton,57606,27,28,4951,144907,4.7,Sports
60,Sarah Lamb,Female,31,Emmafurt,87000,61,48,1590,78709,5.4,Sports
61,Jason Cuevas,Male,57,East Luismouth,63933,12,49,2124,110161,8.2,Fashion
62,Samuel Savage,Female,19,Stephenport,26057,32,31,796,33137,8.9,Beauty
63,Mitchell Barrett,Male,30,Lake Josephhaven,114155,90,25,4249,113772,1.9,Sports
64,Eileen Campbell,Male,18,North Robert,137002,97,50,1073,61615,2.2,Sports
65,John Simmons,Female,51,Prattborough,80889,7,36,2241,83664,1.8,Home Decor
66,Tonya Morgan,Female,60,Williamfort,89616,72,39,2799,117412,8.4,Beauty
67,Kristen Solis,Female,46,Cooperchester,137598,21,48,4088,204597,7.6,Sports
68,Matthew Wilson,Female,35,West Michaelbury,120376,100,34,4169,146665,4.7,Sports
69,Christopher Navarro,Male,36,North Shawn,50735,35,22,2819,71867,1.8,Fashion
70,Bridget Rodriguez,Female,42,Flemingborough,110957,20,46,1952,91844,4.4,Beauty
71,Jaime White,Male,47,South Jason,74496,8,14,3641,58355,8.6,Beauty
72,Katherine Trujillo,Female,42,West Petertown,82518,1,23,2646,68247,5.6,Sports
73,Cathy Kennedy,Female,52,New Javiertown,124840,78,15,4199,67580,4.6,Electronics
74,Logan Warren,Female,42,East Jonmouth,64057,86,44,3512,158232,9.2,Beauty
75,Dr. Kristen Black,Male,52,Natalieberg,23534,51,38,4823,184718,6.6,Fashion
76,Linda Castillo,Male,47,Turnertown,43819,7,17,3305,62548,4.8,Groceries
77,Nichole Smith,Male,66,Aaronland,135296,49,18,3653,70887,5.0,Sports
78,Rebecca Smith,Male,52,South Cassandra,26826,45,15,762,13089,9.5,Fashion
79,Peter Page,Male,19,New Frankbury,101439,20,16,1234,28502,5.9,Fashion
80,Robert Weber,Male,47,Pennytown,111680,33,50,3221,164799,7.9,Fashion
81,Carrie Castro,Female,37,Clarktown,34168,75,2,2755,12659,9.4,Fashion
82,Stephen Parker,Female,22,Kylefurt,97607,89,41,2189,92418,8.6,Beauty
83,Lisa Washington,Female,69,Schneidermouth,35866,73,3,3044,18860,6.8,Electronics
84,Linda Mckinney,Male,50,West Laurenland,104874,44,1,3641,12672,4.6,Groceries
85,Amber Ryan,Male,58,West William,136860,59,46,1453,74973,7.5,Sports
86,Richard Ashley,Female,35,Robertsonbury,100728,69,50,4160,216616,8.3,Beauty
87,Edward Adams,Male,35,Jenniferstad,62245,32,6,2484,23289,7.6,Beauty
88,Toni Baker,Female,57,Ashleyport,107580,49,22,435,18668,2.2,Fashion
89,Brian Brown,Male,40,Julieport,124573,34,22,2490,60306,5.4,Fashion
90,Matthew Harper,Female,23,West Timothyland,51635,93,27,4202,118391,6.6,Home Decor
91,Austin Ryan,Female,46,South Michael,123931,3,6,2610,20290,7.1,Groceries
92,Amy Maxwell,Female,60,East Nicole,96225,48,31,4734,156452,4.5,Sports
93,Johnny Larson,Female,53,Port Tamarashire,63357,46,45,3917,181703,2.9,Electronics
94,David Chapman,Male,64,Amberfort,45242,41,8,4589,40745,2.6,Home Decor
95,Laura Rice,Male,35,Lake Jameschester,114972,76,49,4497,225989,8.4,Groceries
96,Angela Hooper,Male,32,South Amy,67301,23,20,315,16051,3.1,Electronics
97,Debra Barajas,Male,53,Phelpsberg,58290,90,9,4221,40669,6.0,Home Decor
98,Sarah Galvan,Female,48,Sierraberg,77733,44,12,620,12576,1.6,Electronics
99,Kylie Giles,Male,43,Mooreburgh,84454,10,37,639,27128,8.2,Groceries
100,Erin Moses,Female,23,Gregfurt,52530,16,36,3609,134621,4.8,Home Decor
101,Ann Oliver,Male,37,West Tara,132743,76,28,2701,77614,9.5,Fashion
102,Jennifer Scott,Male,58,South Brandonbury,47659,34,43,865,40768,2.2,Electronics
103,Jared Gaines,Male,28,Nelsonland,20350,53,29,4049,123192,2.7,Sports
104,Patricia Lopez,Male,36,Mcintoshbury,112141,59,5,2112,15894,4.5,Beauty
105,Anthony Smith,Male,32,Brittanyshire,104886,20,18,1365,26739,2.1,Groceries
106,Thomas Reyes,Female,56,Oscarview,118167,73,19,3797,75180,7.0,Sports
107,Autumn Raymond,Female,43,West Miguel,143558,35,33,4623,161649,1.3,Electronics
108,Richard Allen,Male,45,Pinedaview,116276,42,39,2251,89212,2.7,Sports
109,Miranda Evans,Male,54,Freemanberg,96955,3,49,2407,119602,5.0,Sports
110,Glenda Underwood,Female,46,North Jeffreyview,140071,36,12,4995,68081,9.7,Home Decor
111,Bryan Reese,Female,40,Webbton,73523,43,21,1056,25810,4.4,Home Decor
112,Nicole Adams,Female,36,Luisstad,106846,52,49,4706,232195,1.3,Groceries
113,Jessica Weaver,Female,38,West James,35194,99,26,4415,115808,4.4,Fashion
114,Stacy Mendoza,Male,51,North Matthewtown,67419,80,49,4283,218109,2.4,Beauty
115,Mary Trujillo,Male,26,Larryfort,141591,37,29,4170,123919,9.7,Beauty
116,Christopher Jarvis,Female,69,Lake Renee,51365,91,11,2745,31419,1.4,Electronics
117,James Tapia,Female,47,Finleyville,144133,16,42,1461,70527,5.3,Groceries
118,Willie Gibbs,Male,44,South Dan,129408,62,31,2196,76559,4.1,Beauty
119,Robert Yang,Female,50,North Davidmouth,117818,18,5,2463,20113,9.4,Beauty
120,Gabrielle Jones,Male,35,East Catherineborough,127551,1,19,2645,59277,4.7,Home Decor
121,Michael Nelson,Female,40,Jamesborough,63573,71,49,4651,235079,9.4,Fashion
122,Christina Yoder,Male,62,Greeneburgh,51300,74,25,2113,60555,3.5,Home Decor
123,Stephanie Cooper,Male,63,Alvarezland,139725,49,25,1446,45265,1.7,Beauty
124,Kendra Kim,Female,39,Port Cynthia,133993,13,29,1016,39081,0.6,Fashion
125,Amanda Bridges,Female,44,East Jenniferchester,134154,84,10,812,16812,3.7,Sports
126,John Cooke,Female,43,Douglashaven,105175,11,22,4571,107788,6.5,Home Decor
127,Robert Horton,Male,52,South Robinborough,24705,80,5,2123,16323,7.6,Home Decor
128,Stephen Page,Male,24,East Melanieton,119663,82,46,1023,55327,7.1,Electronics
129,Ebony Woods,Female,20,Beckerfurt,62516,8,19,3136,66725,1.9,Beauty
130,Judy Rogers,Male,44,Jenniferburgh,94177,88,12,1592,22972,6.3,Home Decor
131,James Williams,Male,57,Wagnerview,109539,31,32,4977,162608,4.9,Groceries
132,Connor Hughes,Male,47,Ramirezport,53466,86,1,4011,9723,1.2,Groceries
133,Tina Glass,Female,55,Alexandraland,59210,82,28,2248,71428,2.4,Home Decor
134,Adam Morales DVM,Female,48,Barnesborough,33979,31,25,4885,129006,9.9,Groceries
135,Thomas Flores,Male,19,North Annaborough,148181,85,26,2448,64780,9.2,Sports
136,Charles Dalton,Male,49,Gardnerhaven,129161,37,50,2085,111022,6.5,Beauty
137,Jason Munoz,Male,34,Kendrafurt,108835,97,47,1320,64631,3.4,Home Decor
138,Joshua Richardson,Female,20,New Valerieberg,95965,47,47,1276,62448,3.6,Home Decor
139,Wendy Barajas,Female,29,Schmidtberg,46318,17,35,3197,121592,8.4,Groceries
140,Kathryn Jefferson,Female,70,East Heather,143756,62,19,2974,59392,9.6,Fashion
141,Joanne Lowe,Male,66,Richardmouth,146681,29,44,3455,159012,8.0,Electronics
142,Tamara Cunningham,Female,34,Williamsside,90329,16,30,3219,101865,8.3,Groceries
143,Christine Smith,Male,24,Richardstad,108452,30,31,405,18929,6.7,Sports
144,Chris Parks,Male,70,Johnsonberg,80852,90,20,3544,73791,0.9,Electronics
145,Christina Donaldson,Male,37,East Stephanieburgh,84569,15,7,2123,24668,4.2,Groceries
146,Emily Young,Male,60,Whitetown,144437,96,45,4625,215991,8.9,Sports
147,Stephen Serrano,Male,24,New Nicholas,129273,63,40,3543,147303,7.1,Fashion
148,Amy Johnson,Female,46,Jonathanstad,78287,31,24,1013,31330,1.1,Groceries
149,Derek Todd,Male,30,Blakestad,146904,16,30,950,32975,1.0,Groceries
150,Kristen Kelly,Male,33,Greenetown,149606,17,37,1881,71721,6.1,Fashion
151,Anthony Bailey,Male,39,East Derrickfort,121498,19,39,223,14239,9.9,Beauty
152,Bradley Hall,Male,34,South Tara,124662,23,8,411,6447,3.9,Fashion
153,Rachel Jacobson,Male,55,Port Wendy,62437,3,12,2373,30334,7.5,Beauty
154,Thomas Gonzalez,Male,25,East Kelly,117735,9,31,3872,126963,4.8,Fashion
155,Wendy Jackson,Female,57,Anthonyborough,25683,94,43,4471,198194,6.6,Electronics
156,Michael Norris,Female,21,North Margaret,82781,52,28,1084,39384,1.2,Electronics
157,Calvin Green,Female,38,Ferrellmouth,99730,19,5,1233,11670,4.1,Beauty
158,Lisa Wiley,Male,51,Reevesland,58652,59,33,3724,125516,8.6,Sports
159,Zoe Ryan,Male,67,Courtneyview,92264,93,14,3723,60520,4.4,Home Decor
160,Kathryn Alvarado,Female,43,South Linda,74524,94,7,2760,27312,6.8,Groceries
161,Brian Fitzpatrick,Male,27,New Bethany,110023,61,5,947,7133,4.6,Sports
162,Grant Hughes,Male,65,Port Mariostad,68843,17,36,691,31276,4.4,Sports
163,Juan Gonzalez,Female,66,South Rachelfort,75435,93,4,2556,16343,1.5,Beauty
164,Christina Campbell,Female,31,Sloanchester,40280,85,31,2037,65920,8.5,Groceries
165,Amanda Wheeler,Male,25,South Nataliefurt,119956,36,37,2052,83954,6.3,Sports
166,David Cantrell,Female,62,New Amanda,55054,4,12,2438,35318,3.8,Fashion
167,Ruben Jacobson,Male,27,North Victoriaside,94228,85,26,770,23344,1.4,Beauty
168,Matthew Reyes,Female,31,Port Joel,69308,54,30,2992,93338,3.5,Groceries
169,Joshua Kennedy,Male,67,North Williamberg,143392,73,39,895,36766,2.0,Beauty
170,Kendra Meyers,Female,21,Nancyville,108338,11,18,3829,76869,6.3,Home Decor
171,Kimberly Jackson,Female,35,East Nicolefurt,48255,97,33,1132,44011,1.6,Sports
172,Adam Snow,Male,61,West Melanie,97743,63,34,2726,94428,4.3,Beauty
173,Colleen Gomez,Female,21,Shannonport,21007,27,20,1930,41848,3.2,Electronics
174,Mrs. Kelsey Zamora,Female,18,Sextonview,85193,96,28,1639,49008,5.6,Fashion
175,Kathleen Garrison,Male,50,Collinstown,93233,86,23,790,25675,4.6,Home Decor
176,Kristi Davis,Female,22,Lake Margaretville,132998,41,37,3716,145118,3.3,Home Decor
177,Randy Smith,Male,19,Kelseyland,146641,42,11,3969,50587,4.6,Electronics
178,Alison Jacobson,Female,33,Josephmouth,77104,76,26,4492,119080,8.8,Sports
179,Jennifer Navarro,Male,39,North Tammy,49041,43,50,1577,81101,5.5,Fashion
180,Paul Adams,Male,67,North Michaeltown,65793,45,47,1409,71094,1.9,Fashion
181,Yvonne Gonzales,Female,29,Obrienchester,98957,20,49,817,43935,4.9,Beauty
182,Jennifer Graves,Female,66,South Jessicafurt,95952,58,44,4824,218551,1.9,Electronics
183,Christina Henderson,Female,48,Schneiderborough,77961,81,20,2450,50920,5.3,Groceries
184,Theresa Delgado,Male,47,West Rodney,79233,5,4,3220,18583,6.6,Electronics
185,Patrick Ali,Female,57,New Katherineberg,97867,65,25,3990,101422,9.1,Beauty
186,Victoria Martin,Male,59,Taylorburgh,44672,42,39,4096,168958,9.6,Home Decor
187,Monica Washington,Male,24,Lake Carly,126295,44,46,890,50206,0.9,Sports
188,Alexis Palmer,Female,46,Cabreramouth,149890,57,34,4482,155988,4.0,Groceries
189,Andrea Anthony,Male,42,East Heatherside,73578,100,22,628,20298,3.6,Beauty
190,Mary Jenkins,Male,61,Jonesside,70667,37,17,1431,30788,6.0,Fashion
191,Dylan Cooper,Male,40,Olsonport,60662,84,45,3410,156562,3.4,Home Decor
192,John Williamson,Female,59,New Michael,123764,43,9,4512,43139,5.3,Electronics
193,Kevin Huerta,Male,41,Castanedaview,60483,24,14,2999,50953,2.7,Fashion
194,Tina Keller,Male,27,South Jamesshire,30114,38,7,4358,40349,6.8,Beauty
195,Catherine Morales,Male,26,Lake Alexa,98282,49,10,1529,19252,7.4,Electronics
196,Anna Snow,Female,44,Montgomeryshire,67749,87,47,2145,109092,7.6,Home Decor
197,Corey Williams,Female,32,North Aimeeborough,89993,31,20,4042,85018,6.9,Beauty
198,Kathryn Cole,Female,46,Carterchester,80513,99,19,3328,72471,9.7,Fashion
199,Catherine Salinas,Female,69,Joelview,99254,18,17,627,19532,5.8,Electronics
200,Heidi Howard,Male,63,New Michelle,130872,67,8,2535,22654,3.1,Beauty
201,Amy Macdonald,Female,27,Calvinhaven,128926,56,6,2018,20499,9.3,Home Decor
202,James Barnett,Male,21,East Daniel,71964,65,24,2131,58470,4.1,Electronics
203,Thomas Freeman,Male,38,East Lisa,142005,13,46,2946,138908,0.9,Home Decor
204,Brian Davis,Male,62,Deleonview,128935,18,49,4042,206407,9.1,Electronics
205,Cheryl Henderson,Male,34,Christopherstad,48266,20,36,4523,170762,7.9,Fashion
206,Alicia Valdez,Male,37,Dustinview,35970,7,16,3639,66713,1.6,Home Decor
207,Stanley Murray,Male,56,Allenshire,90261,3,41,4421,186224,3.3,Electronics
208,Kyle Short,Male,57,West Jason,66244,31,37,3612,137712,5.5,Groceries
209,Edward Powers,Male,22,Rodriguezborough,144964,68,35,4356,161776,4.2,Home Decor
210,Angela White,Female,20,North Garrettberg,103318,50,24,2277,55914,8.0,Groceries
211,Raymond Faulkner,Male,33,Jamesburgh,116068,85,41,1049,49456,0.9,Beauty
212,Derek Boyle,Male,39,West Christopher,126628,83,12,4006,56912,8.2,Electronics
213,Tammy Ramos,Male,63,Fryport,121736,59,3,2603,12111,8.0,Electronics
214,Charles Davis,Female,38,Paulton,142338,40,33,3462,124143,2.9,Sports
215,Michelle Scott,Female,30,Jacquelinemouth,57501,46,50,591,35988,1.7,Groceries
216,James Blankenship,Female,45,East Kristinebury,136586,52,48,3802,189830,9.8,Home Decor
217,Joanna Alexander,Female,62,South Rebeccafurt,85211,48,34,2384,83409,1.2,Beauty
218,Kari Becker,Male,70,Huntermouth,43652,70,19,2831,56469,3.6,Groceries
219,Daniel Erickson,Female,37,North Jeffreyburgh,78447,78,46,3690,173470,3.8,Electronics
220,Kevin Owens,Male,64,West Calebside,134037,46,40,3763,156018,1.2,Sports
221,Troy Rodriguez,Male,43,Samanthafurt,67619,66,48,1510,73990,8.6,Sports
222,Pamela Logan,Female,68,Port Summerton,77432,5,9,750,11616,3.9,Beauty
223,Jorge Jennings,Female,20,Leefurt,99310,20,44,3885,178017,4.7,Electronics
224,Nancy Thomas,Female,54,Lake Paul,38047,68,24,3460,89190,2.9,Electronics
225,Sherry Johnson,Male,19,South Frederick,116426,24,32,4441,149452,3.0,Groceries
226,Ruben Smith,Male,63,Stewarthaven,78493,28,40,2539,110607,1.7,Electronics
227,Benjamin Gomez,Female,46,Port Ninaburgh,42630,92,29,919,32887,7.2,Beauty
228,Justin Thompson,Male,52,New Daniel,58058,39,11,1626,24808,1.7,Fashion
229,David Velez,Female,68,Stephaniebury,38202,31,32,415,20192,4.9,Beauty
230,Austin Wilson,Female,26,Lake Theresa,100209,12,5,2733,21188,5.5,Home Decor
231,Betty Eaton,Female,70,Shawnmouth,95353,10,9,2797,27388,4.9,Beauty
232,Carlos Young,Female,40,Jeremiahtown,36821,100,36,1690,63954,5.3,Electronics
233,Suzanne Bell,Female,25,West Kennethland,87908,20,20,1548,34613,9.4,Fashion
234,Timothy Miller,Male,40,Lake Stephenberg,144188,67,19,846,21179,6.5,Beauty
235,Dawn Melendez,Male,35,East Michael,36406,81,20,4570,93930,6.1,Beauty
236,Gabriela Reynolds,Male,27,South Allisontown,42439,85,40,2965,120274,1.3,Sports
237,Matthew Chan,Male,67,South Jennifer,95598,34,42,1926,88717,5.2,Sports
238,Stacy Olson,Female,52,North Christopher,57967,83,20,4156,88132,3.3,Electronics
239,Anthony Harris,Female,62,Richardberg,27852,21,29,3604,113449,2.4,Beauty
240,Stacy Simpson,Male,27,Lake Williamfort,60970,92,21,3029,71141,7.7,Beauty
241,Mary Finley,Female,53,North George,33917,41,16,4021,67343,4.8,Fashion
242,Maria Turner,Male,24,South Andrew,26632,38,25,3625,95692,8.2,Beauty
243,John Weber,Female,64,Underwoodmouth,60988,25,49,1505,82908,5.2,Groceries
244,Lindsey Mccall,Male,49,North Logan,23037,12,26,4340,121331,2.5,Groceries
245,Tom Johnson,Male,21,Avilaside,26624,37,32,4055,135441,8.5,Home Decor
246,Marvin Baldwin,Female,26,Richardside,135665,34,47,3196,157818,0.9,Electronics
247,Angela Collins,Male,54,Jenniferport,93638,25,24,4732,119296,4.2,Home Decor
248,Nina Molina,Male,66,Port Julie,92070,36,40,1173,50028,4.2,Groceries
249,Alexander Rivas,Female,53,North Tyler,143069,47,49,1381,71930,5.3,Electronics
250,Michael Barnes,Female,20,Lake Michaelfurt,37961,92,22,4080,99268,1.9,Beauty
251,Joseph Caldwell,Female,26,Savagehaven,62987,79,21,1531,39589,6.1,Beauty
252,Tyler Parks,Female,50,New Jose,89774,63,46,4811,227217,8.2,Groceries
253,Steven Anthony,Male,39,North Michelle,108317,15,27,4981,140527,6.2,Groceries
254,Jennifer Jones,Male,59,North Laurafort,122616,100,38,4931,192106,6.0,Fashion
255,Ryan Moreno,Male,51,Jasonbury,102447,93,40,3314,135981,0.8,Sports
256,Hannah Thomas DVM,Male,25,East Cherylhaven,45006,3,29,2769,88162,4.4,Fashion
257,Pamela Estrada,Male,44,Boyerton,85774,100,40,4063,164540,5.4,Beauty
258,Connor Lyons,Male,38,Armstrongbury,106799,62,34,3286,117864,4.9,Beauty
259,Rhonda Austin,Male,39,Christianborough,91601,46,44,2365,112992,9.6,Groceries
260,Eric Le,Female,53,West Dustinshire,59124,29,20,2567,55736,3.5,Groceries
261,Dr. Robin Gonzalez,Female,53,Doughertyberg,142381,93,18,2557,49022,9.0,Home Decor
262,Jeffrey Haynes,Female,70,Jerryton,65237,99,10,2579,27479,9.6,Electronics
263,Priscilla Hernandez,Male,40,South Bryanview,141111,57,42,2300,105449,2.4,Beauty
264,Guy Riley,Male,35,Port Johnnyton,142293,72,45,2425,112374,6.3,Beauty
265,Andrew Thomas,Male,33,East Richardland,51779,7,43,4550,200347,1.0,Home Decor
266,April Rivera,Male,39,New Sarah,114025,61,7,1326,10366,4.4,Home Decor
267,Steven Reid,Female,48,Jonesview,105267,26,49,2553,131359,6.6,Electronics
268,Brett Mclean,Female,59,Brightfort,95252,30,35,505,21543,8.9,Fashion
269,Hunter Johnson,Male,20,Thomasland,129602,51,32,1726,60974,0.6,Beauty
270,Michael Jarvis,Female,56,Williamstad,34064,43,19,3922,84419,8.9,Fashion
271,Judy Krause,Male,50,Dianaburgh,81344,35,13,1122,21003,7.4,Sports
272,Adrian Parker,Male,34,North Kevin,114188,24,1,2961,8794,2.2,Sports
273,Stacey Smith,Female,43,Rodriguezchester,128395,55,33,2886,97659,6.9,Fashion
274,Dr. Vanessa Conrad MD,Female,26,South Mariachester,82580,42,16,255,9352,2.7,Groceries
275,Jose Martinez,Female,39,Lake Laura,59576,75,47,4893,231158,6.7,Sports
276,Amanda Brown,Male,33,Adamfort,28142,86,8,4012,38122,4.4,Beauty
277,Darren Paul,Female,63,Danielville,120904,40,45,1161,58078,6.3,Fashion
278,Anna Wright,Female,26,North Michael,82676,20,30,3260,105613,7.7,Sports
279,Juan Johnson,Female,70,East Kellymouth,48627,98,16,870,23529,5.5,Groceries
280,Paul Gilbert,Male,22,East Kristina,140225,73,8,705,15612,5.9,Fashion
281,Dawn Leblanc,Female,28,Coltonmouth,63007,67,29,1152,37773,1.4,Beauty
282,William Robertson,Female,46,Seanshire,125996,8,30,1280,47809,4.8,Electronics
283,John Duncan,Female,53,South Bethanymouth,80604,87,20,378,15047,8.3,Sports
284,Rachel Barnes,Male,31,North Timothy,95800,10,3,3670,17654,5.6,Electronics
285,Robert Foster,Male,22,West Sarahton,149254,61,3,2551,15351,7.8,Sports
286,Randall Brooks,Female,64,Roachton,104656,54,24,3333,88340,4.1,Sports
287,Christopher Nelson,Male,60,Makaylafurt,134629,70,9,3048,30375,9.9,Home Decor
288,Zachary Murray,Female,51,North Gerald,36691,94,15,228,4792,4.9,Sports
289,Nancy Ford,Female,52,Mcculloughville,75591,69,25,2081,57080,3.8,Groceries
290,Kathleen Hart,Female,30,Sanchezhaven,142868,93,49,1124,56603,6.3,Electronics
291,Mr. Terry Johnson PhD,Male,33,Lake Garystad,47011,9,7,475,11639,2.8,Electronics
292,William Russell,Male,43,Mariashire,77535,30,35,1979,71189,5.3,Groceries
293,Mr. Chad Reid IV,Male,32,East Christineton,126926,94,37,2812,110297,3.4,Fashion
294,Alison Thomas,Male,60,North Christopherchester,88321,29,27,2661,77355,5.8,Beauty
295,Michael Macias,Male,65,New Daniellefort,139482,23,41,3699,160779,9.7,Sports
296,Brian Santiago,Male,60,Kevinview,69958,68,21,3610,83498,3.3,Fashion
297,Tyler Mcgee,Male,66,Moraland,90507,61,16,2046,38663,8.2,Electronics
298,Denise Murphy,Female,53,Brianberg,74090,54,36,4541,166672,2.8,Fashion
299,Michael Thomas,Male,39,Lake Justinmouth,104765,11,29,3239,96445,1.0,Home Decor
300,Jennifer Murray,Male,61,Andreamouth,99294,78,3,796,6470,5.1,Groceries
301,Stephen Mccann MD,Female,37,South Kariburgh,145438,2,14,1756,27506,9.2,Sports
302,Molly Paul,Female,56,Brianborough,112244,27,26,2160,62429,4.1,Beauty
303,Jennifer Warner,Female,59,Bowenmouth,67088,40,17,3146,62883,4.9,Sports
304,Joseph Fritz,Female,48,Christopherside,119828,41,14,3236,51430,0.9,Fashion
305,Angela Contreras,Female,65,Sonyaport,39126,3,17,4732,88285,1.9,Groceries
306,Cody Davis,Female,32,Robertside,69786,73,16,4290,75170,7.8,Home Decor
307,Monica Rhodes,Female,64,Bryanmouth,104108,95,32,3975,130956,2.1,Sports
308,Denise Freeman,Male,52,Hawkinsport,84004,24,35,681,33419,8.5,Electronics
309,Monica Castro,Male,70,Melissastad,107584,7,49,252,20104,8.5,Fashion
310,Kimberly Dean,Female,22,Josebury,112690,20,1,1991,11276,4.0,Beauty
311,Brian Hays,Male,58,Port Zacharyburgh,107392,79,31,4196,131333,5.6,Home Decor
312,Laura James,Female,18,Bonniehaven,22192,68,47,2450,124927,0.7,Sports
313,Kim Kim,Male,61,Hutchinsonfort,76436,23,7,989,16514,2.8,Beauty
314,Jamie Diaz,Female,51,West Sandra,53084,46,18,3451,64412,9.6,Home Decor
315,Morgan Garcia,Male,54,Newtonhaven,51877,90,15,2657,42175,1.4,Home Decor
316,Melissa Monroe,Male,42,West Melanie,92443,61,4,277,4915,5.2,Home Decor
317,Richard Juarez,Male,59,Davisland,122809,43,37,981,45950,2.7,Sports
318,Rebecca Ortiz,Male,54,Gallaghershire,82324,35,3,809,8020,2.2,Groceries
319,Mark Washington,Male,19,Danielhaven,146021,27,38,1381,60003,3.3,Beauty
320,Brian Bailey,Female,33,Lake Michaeltown,94277,50,44,4628,210067,7.7,Fashion
321,Rhonda Smith,Female,68,Port Tonyafurt,149561,89,47,842,48778,1.0,Home Decor
322,David James,Male,32,Lake Jeremystad,129926,10,22,3449,82225,6.5,Home Decor
323,Elizabeth Gibbs,Male,49,South Charles,49902,46,36,3275,125975,7.0,Sports
324,Troy Newman,Male,42,Saraberg,31232,99,40,2619,109797,1.3,Fashion
325,Jennifer Garcia,Female,42,Loganberg,113280,82,10,3391,40098,1.5,Electronics
326,Janet Hancock,Male,37,East Shelley,78292,47,49,2409,120715,1.3,Home Decor
327,Mr. Brian Clark MD,Male,46,Parkershire,93005,72,33,3542,119578,1.4,Beauty
328,Carl Campos,Female,23,North Katieside,98240,77,21,3355,71657,4.4,Electronics
329,Randy Joseph,Male,64,West Darrellport,138113,72,16,4885,87697,7.0,Fashion
330,William Vazquez,Male,26,New James,55247,39,18,4239,79692,2.1,Groceries
331,Joshua Adams,Male,44,Lake William,59289,62,5,3158,20913,7.3,Home Decor
332,Mr. William Grant,Female,56,Williamfort,100828,26,30,1076,35499,0.6,Home Decor
333,Charles Spencer,Female,39,East Edward,130311,80,25,2899,80687,4.6,Sports
334,Fernando Mitchell,Female,56,Brownfort,37842,39,21,1845,47593,2.2,Home Decor
335,David Martinez,Female,38,Joshuaberg,58200,95,45,4222,194961,4.1,Home Decor
336,Bryan Gonzalez,Male,41,Hurleyhaven,34927,73,13,4669,64644,9.6,Home Decor
337,Robert Smith,Female,63,Williamsfurt,47479,57,19,766,22257,1.8,Groceries
338,Carla Garcia,Male,33,Meaganborough,53119,85,10,3666,43836,4.8,Beauty
339,Juan Harrison,Male,48,Robertton,96315,52,35,4350,160103,8.0,Groceries
340,Larry Burns,Male,62,New Paulaview,137375,69,39,896,37735,6.7,Groceries
341,Dwayne Davila,Female,28,Samanthaburgh,104803,79,3,4813,21986,9.7,Home Decor
342,Nathan Jones,Male,24,Nicholashaven,21382,13,17,2018,43672,4.7,Home Decor
343,Michael Green,Female,47,West David,121232,87,38,4299,166831,10.0,Home Decor
344,Lindsay Shaw,Female,24,New Michael,58722,54,6,1150,10221,3.5,Home Decor
345,Tyler Gomez,Male,68,Jenniferburgh,47114,67,31,3053,103444,4.7,Sports
346,Jason Ibarra,Male,46,West Ethan,61800,9,20,566,14205,8.6,Sports
347,Preston Mahoney,Male,24,Atkinsonland,108754,22,48,2198,114958,5.7,Groceries
348,Michael Young,Male,53,North Nathan,75885,60,15,3518,56792,6.6,Home Decor
349,Martha Collins,Female,43,Castroside,23826,95,40,1816,81005,4.2,Sports
350,Stanley Mcdonald,Male,31,North Christineview,46972,36,49,712,37555,4.0,Fashion
351,Alyssa Clements,Female,47,Lake Jason,34936,34,43,4209,190633,6.2,Beauty
352,Jose Price DVM,Male,43,Vargasstad,96939,15,23,3083,79410,8.2,Sports
353,Andrew Gray,Female,69,New Christopher,58986,79,38,894,37166,1.6,Groceries
354,Breanna Hunt,Female,25,Vegastad,43992,48,45,1358,70479,4.5,Fashion
355,Breanna Marsh,Male,54,South Brooke,70293,55,12,4186,60036,5.8,Home Decor
356,Stephanie Harrison,Female,36,Lake Matthewberg,38388,24,21,3894,83652,9.5,Home Decor
357,Joanna Martinez,Female,26,Marilynhaven,45575,50,36,4340,165349,7.0,Home Decor
358,Keith Owens,Male,63,Malloryberg,130086,57,32,1570,52594,8.1,Fashion
359,Christopher Owens,Male,36,Rogerston,24285,36,15,4604,74789,7.9,Beauty
360,Kyle Smith,Male,65,New Samuel,121259,99,32,4703,159865,5.9,Groceries
361,Jennifer Gomez,Male,67,West Josephton,91186,47,35,540,27131,9.9,Electronics
362,Rachel Rodriguez,Male,65,Lynnland,128799,84,49,2227,115000,4.8,Groceries
363,Amber Foster,Female,70,South Tammyfurt,31401,57,8,2141,21566,8.7,Beauty
364,Michelle Cox,Male,58,New Zacharyside,76120,22,40,1340,57985,8.2,Beauty
365,Lee Snyder,Female,40,Robertville,89767,36,39,4613,183665,9.8,Groceries
366,James Schroeder,Female,36,Williamberg,95069,35,33,980,35561,9.2,Groceries
367,Henry Vaughn,Female,59,Port Patricia,36631,90,9,2245,23601,8.4,Sports
368,Andrew Hodge,Female,43,West Dylanburgh,84154,19,37,2401,96623,4.8,Sports
369,Lauren Wong DDS,Female,68,North Jessica,135359,99,6,3500,30447,7.1,Groceries
370,Joseph Cook,Male,47,West Randy,144551,63,21,4967,105347,7.4,Home Decor
371,Caleb Davidson,Female,58,Longstad,107050,90,23,718,26270,2.6,Home Decor
372,Travis Woods,Female,70,Bellborough,47767,64,18,2844,56838,5.7,Fashion
373,Courtney Davidson,Male,54,Anthonyburgh,131728,63,22,596,14864,6.4,Home Decor
374,Angelica Moreno,Female,19,Melissamouth,36284,21,29,3939,115242,2.4,Sports
375,Jay Woods,Male,26,Marissaville,135624,84,20,1502,35529,6.7,Groceries
376,William Roy,Female,23,Brendaview,68738,86,42,1555,67158,6.4,Sports
377,Ryan Hernandez,Male,62,Lake Patricia,118989,30,28,947,29075,2.5,Electronics
378,Bridget Smith,Male,26,Lake Keithmouth,97814,29,34,3845,131882,7.1,Electronics
379,Timothy Clark,Female,45,Beckermouth,110968,17,31,780,28931,1.3,Electronics
380,Spencer Cooper,Male,24,West Michele,61071,48,20,1323,33730,6.6,Sports
381,Laurie Anderson,Female,27,New Lisachester,28966,68,37,269,13641,3.8,Fashion
382,Robert Alvarez,Male,58,Markfort,118077,20,27,3824,107807,9.0,Fashion
383,David Hoover,Female,66,New Brian,36142,76,47,3345,163974,3.5,Fashion
384,Misty Garcia,Male,33,East Jacqueline,56302,83,6,2232,19060,8.6,Sports
385,Makayla Santana,Female,37,Michealbury,46928,67,39,4374,174676,3.3,Electronics
386,Matthew Bowman,Male,68,Mariaview,137691,31,32,3361,110399,5.2,Beauty
387,Roger Pierce,Female,22,North Josephberg,89243,2,24,2792,70170,8.7,Beauty
388,Jodi Reyes,Male,44,East Sabrina,67895,70,44,1615,79777,0.7,Electronics
389,Cindy Ferguson,Female,18,Laurenburgh,54365,28,3,695,9605,6.5,Beauty
390,Melissa Cross,Male,67,Rodneytown,74451,55,45,3495,159625,3.1,Groceries
391,Frank Silva,Female,23,Gutierrezside,87017,27,10,4594,52293,6.1,Sports
392,Mary Wang,Male,61,Clarkside,104299,9,20,3783,80569,2.8,Home Decor
393,Joel Young,Male,25,Elizabethhaven,79424,79,39,650,31417,1.6,Sports
394,Robert Wilcox,Female,26,Salasburgh,111946,2,11,4266,53606,2.1,Fashion
395,Derek Boyd,Female,65,Port Christopher,122383,35,47,1167,56329,8.2,Groceries
396,Melissa Clark,Female,51,West Susanview,28371,34,46,4923,228720,4.8,Groceries
397,Hector Carpenter,Female,21,Ryanview,85484,73,11,3212,38909,7.8,Beauty
398,Douglas Wright,Male,61,New Amanda,114736,15,15,4368,66562,8.7,Electronics
399,Michelle Romero,Male,33,Westberg,26026,61,24,3337,83546,9.3,Electronics
400,Amy Simmons,Female,53,Clarkmouth,125265,92,48,3635,179158,2.9,Sports
401,William Walker,Male,38,Erikashire,55554,10,37,3254,123354,2.2,Beauty
402,Linda Goodwin,Female,20,South Brianview,145053,52,5,4010,25675,3.6,Beauty
403,Dana Le,Male,47,Lake Rebecca,21044,48,13,2588,39623,4.9,Beauty
404,Michael Farley,Male,49,Steventon,121267,100,13,4677,65817,0.6,Home Decor
405,Mr. Jason Bailey MD,Male,19,North Scott,50539,70,23,278,12882,7.7,Home Decor
406,Joseph Combs,Male,65,Kyleberg,115317,40,7,1880,22840,4.5,Electronics
407,Tyler Davis,Female,27,Pinedaborough,113277,36,6,559,8146,7.2,Groceries
408,Maria Shaffer,Male,47,East Brent,147736,96,6,4957,32307,6.6,Home Decor
409,Danielle Hall,Male,22,Mccluremouth,97580,73,4,3763,18193,3.3,Groceries
410,Nicole Hernandez,Female,69,East Karaland,71505,90,48,2872,144067,3.1,Electronics
411,Donna Todd,Male,30,Bakerstad,37840,100,50,4989,252235,1.5,Home Decor
412,James Marsh,Male,47,East Markfurt,61160,53,8,4590,43590,4.8,Home Decor
413,Raymond Gould,Male,34,Meganborough,131736,16,6,1491,14930,2.5,Groceries
414,Nicole Jordan,Male,27,Perrystad,31955,92,16,3114,57316,6.9,Groceries
415,Kimberly Gray,Male,70,Parkerberg,149849,23,2,3512,15432,1.4,Electronics
416,Andrew Kane,Male,69,Michaelview,124046,18,8,297,4386,1.7,Home Decor
417,Holly Moore,Male,41,Port Mark,109952,81,42,888,42536,0.7,Electronics
418,Brent Jones,Female,30,Castillomouth,138291,83,29,1255,38901,1.7,Home Decor
419,Amanda Miranda,Male,21,Lake Alexanderton,42018,74,28,3435,105308,4.1,Home Decor
420,Angel Reynolds,Female,29,Cookmouth,66392,28,12,2452,35009,8.9,Electronics
421,Chad Wolfe,Female,57,East Kelly,101156,79,16,2617,51045,8.9,Home Decor
422,Patricia Fitzpatrick,Male,21,Michaelborough,31497,36,25,1324,40968,6.6,Beauty
423,April Morris,Female,33,Lake Michael,102674,70,2,3333,13549,5.7,Home Decor
424,Lori Jackson,Female,40,Marystad,139626,73,33,2834,100885,2.2,Groceries
425,Ruth Thompson,Female,56,North Austinville,48707,4,50,2501,127009,5.5,Beauty
426,Amy Poole,Female,32,Watkinsville,147661,21,7,2230,20561,5.6,Sports
427,Jose Hanson,Male,21,West Nicholas,120145,29,37,3381,131910,2.2,Beauty
428,Michael Hamilton,Female,38,New William,125671,95,45,3139,142717,9.5,Beauty
429,Elizabeth Hernandez,Male,27,Port Samuel,93807,25,32,4641,154575,5.2,Electronics
430,Stacy Haynes,Female,21,West Melissa,50490,78,15,363,15070,0.5,Beauty
431,Kimberly Snyder,Male,30,Port Mary,125702,17,22,1653,42667,0.7,Beauty
432,Christina Ward,Female,63,West Stephanie,140222,19,50,1108,65022,9.6,Groceries
433,Brittany Day,Female,63,Schwartzland,143459,85,26,5000,132655,3.4,Fashion
434,Allison Diaz,Male,28,Robertchester,115990,56,41,4191,178029,7.2,Beauty
435,Justin Thompson,Female,62,Elizabethville,136601,79,23,2028,50516,3.4,Sports
436,Haley Bauer,Male,36,North Deanna,36691,23,47,214,17473,2.2,Groceries
437,Scott Kennedy,Female,69,East Melissa,146816,79,15,4832,75185,1.8,Sports
438,Carol Miller,Female,22,Jonesland,51194,45,21,1575,35528,4.7,Groceries
439,Larry Carlson,Male,31,Port Andrew,52707,89,5,3071,20560,7.3,Electronics
440,Ivan Flynn,Female,42,North Jennifer,77438,94,27,1562,49957,8.9,Groceries
441,Vincent Mccarty,Male,52,Port Curtis,69197,13,31,4935,157680,4.8,Electronics
442,Angela Alexander,Female,36,Lake Edward,22631,41,17,1057,20184,2.1,Home Decor
443,Randall Foster,Female,28,Lake April,115942,10,36,962,41168,7.2,Home Decor
444,Thomas Beck,Male,59,Wilsonfurt,41626,78,28,1486,43485,3.6,Fashion
445,Jonathan Curtis,Female,44,North Latoya,111382,71,47,4624,222674,3.3,Electronics
446,Julia Bradford,Male,21,Port Evelyn,71498,74,36,4221,155472,3.9,Home Decor
447,Michael Morgan,Male,23,Lake Mark,58607,85,41,4134,173765,0.7,Fashion
448,Darren Robertson,Female,58,Duarteburgh,58248,11,31,1146,41578,5.0,Sports
449,Jack Collins,Female,34,Martintown,31945,83,35,3374,122119,8.9,Groceries
450,Manuel Nelson,Female,29,Georgeburgh,78428,6,17,3802,73253,2.6,Groceries
451,April Roberts,Female,54,South Mariaberg,28079,20,49,992,51012,8.2,Home Decor
452,Patricia Martin,Female,66,North Williamview,97296,30,36,699,32506,9.7,Sports
453,Adam Fox,Female,48,North Jillton,95066,31,31,2648,84381,9.1,Sports
454,Larry Stephenson,Male,20,East Amandaview,85811,74,34,4881,169369,9.5,Home Decor
455,Kathryn Becker,Male,29,Frenchborough,144395,22,14,1778,27959,4.5,Sports
456,Ruth Coffey,Male,45,Lake Charles,46465,81,10,2312,29358,1.3,Beauty
457,Daniel Watson,Male,43,East Kayla,92358,42,18,4457,88732,8.0,Beauty
458,Cody Lucas,Male,55,Sotoburgh,88493,54,8,3595,32211,5.9,Beauty
459,Mike Castillo,Female,66,Courtneyport,146462,13,7,4809,36317,8.7,Groceries
460,Debra Jackson,Male,44,Matthewhaven,54620,50,42,4177,184184,2.1,Home Decor
461,Lori Farmer,Female,27,West Elizabethfort,101034,78,44,3490,155195,9.0,Groceries
462,Jill Perry,Female,62,Lake Amanda,51139,7,48,4092,201816,0.7,Groceries
463,Beth Wilkinson,Male,37,Graveshaven,56745,63,45,1004,49914,3.4,Sports
464,Colin Huff,Male,46,Lake Brookebury,121453,42,18,3614,67514,4.7,Home Decor
465,Scott Merritt,Male,65,Lake Amymouth,83499,98,34,3263,112862,1.1,Sports
466,Austin Soto,Male,50,Lake Keithmouth,72872,18,50,4494,226174,2.3,Fashion
467,Jimmy Robinson,Male,21,Banksfurt,52701,5,30,614,25324,3.1,Home Decor
468,Stephen Little,Female,50,Gonzalezland,72028,82,8,450,8563,5.1,Home Decor
469,Susan Porter,Female,29,Lake Carlborough,145897,61,38,4716,185938,2.1,Groceries
470,Mary Orr,Female,65,Amyside,128903,89,6,2535,16659,1.0,Beauty
471,Jennifer Guzman,Female,67,Lopezberg,146473,28,15,2044,35047,6.7,Beauty
472,Emily Mitchell,Male,19,East Tara,133328,100,50,272,22367,6.7,Beauty
473,Christopher Smith,Female,69,Parksstad,21109,29,17,2702,51445,9.0,Groceries
474,Marcus Martinez,Female,47,Lake Dawn,53029,28,30,2675,89780,6.1,Electronics
475,Jeremy Gutierrez,Male,50,Lake Nicholaston,106816,48,36,2515,96430,5.1,Groceries
476,Nancy Walker,Male,35,Brownview,103964,42,18,2339,47997,1.9,Fashion
477,Michael Oliver,Male,21,Adamsview,125569,77,26,2818,76560,6.7,Groceries
478,Mr. Andrew Gonzalez,Male,34,Port Rodneystad,138870,54,26,3380,89458,3.8,Sports
479,Caleb Baker,Female,32,South Shellyland,109957,69,41,4097,174850,8.5,Sports
480,Melissa Johns,Female,53,Theodorestad,43741,38,7,4056,31488,7.4,Beauty
481,Derrick Green,Male,66,Allenstad,139619,24,44,2949,132219,3.9,Sports
482,Jennifer Hartman,Female,37,Port Shaneshire,75112,43,24,2334,61833,8.6,Home Decor
483,Nicole Hayes,Female,21,Maryfort,133559,82,38,4953,190380,8.9,Beauty
484,David Bryant,Female,25,Lake Kathrynfort,133704,88,25,4540,119388,1.0,Fashion
485,Mr. Matthew Hurst,Male,26,Lake Bethany,46253,44,27,4864,139824,3.5,Sports
486,Nancy Gaines,Female,29,South Emily,122097,11,32,2924,97465,6.5,Electronics
487,Michelle Lee,Female,46,Berrytown,55851,27,49,1581,81064,8.0,Electronics
488,Aaron Boyle,Female,26,Lindseymouth,100541,56,41,3717,160006,9.7,Home Decor
489,Thomas Rice,Female,18,North Ravenchester,24944,69,13,3256,43558,7.7,Beauty
490,Danielle Hammond,Female,30,South Maria,22348,87,1,2238,6945,3.5,Electronics
491,Timothy Clay,Male,42,Spencerside,85973,76,20,1568,33429,3.3,Groceries
492,Dennis Macdonald,Female,47,Port Laurahaven,115398,67,39,4493,181762,8.9,Fashion
493,Emily Lee,Female,39,Coleside,138146,63,23,1743,43790,0.7,Fashion
494,Patricia Pearson,Male,64,Lisatown,149090,17,14,379,14573,1.7,Sports
495,Heather Morrison,Male,59,New Emilystad,123825,5,25,2295,67136,6.1,Electronics
496,Anna Richardson,Female,60,Lake Garrett,34170,84,2,595,4087,4.7,Electronics
497,Jennifer Aguilar,Male,53,North Hailey,53126,61,45,1454,69796,3.4,Sports
498,Colton Mcdowell,Male,24,Marcusmouth,106832,67,18,1323,31676,5.4,Beauty
499,Ashley Cobb,Male,25,Wolfeburgh,57054,15,7,4277,34193,7.9,Beauty
500,Tammy Anderson,Male,30,Millerfort,66913,91,27,2619,74340,5.7,Fashion
